"Statistic","Value"
"Mean Risk Score",0.494949494949495
"SD Risk Score",0.289003404690185
"Mean CPU Usage",0.486641871550427
"Mean Memory Usage",0.497970350729179
